{"max_network_wait": 10, "network_wait_for_all_actions": true, "wait_buffer": 0.2, "main_flow": {"0": {"operation_intent": "Click on 'While using the app' button", "locator": ["//android.widget.Button[@resource-id=\"com.android.permissioncontroller:id/permission_allow_foreground_only_button\"]", "/hierarchy/android.widget.FrameLayout/android.widget.FrameLayout/android.widget.FrameLayout/android.widget.ScrollView/android.widget.LinearLayout/android.widget.LinearLayout/android.widget.LinearLayout[3]/android.widget.Button[1]"], "operation_type": "CLICK", "value": "", "instruction_id": "5e7268af2e8f47aab7a9c25257849499", "operation_id": "a5f353a247da4626", "optional_flag": false, "max_retries": 0, "retries_delay": 0, "explicit_wait": 0, "implicit_wait": 0, "frame": "", "user_variables": "[]", "operation_start": "2025-06-13 11:22:40.940416", "operation_end": "2025-06-13 11:22:42.388374", "instruction_module_id": "", "instruction_module_name": "", "use_v2_mobile_tagging": false, "hard_assertion": false, "dialog_action": "", "dismiss_dialog": false, "is_coordinates_used_for_interaction": false, "element_coordinates_ratio": [], "kaneaiMobileTaggingImageLimit": 1, "clicks_order_code": "se_js_ac", "selector": "", "manual_interaction_tag": "", "sub_instruction_obj": "{\"operation\": \"click on 'While using the app' button\", \"thought\": \"Clicking on the 'While using the app' button involves interacting with the page elements, which will be accurately done by Vision Agent.\", \"agent\": \"Vision Agent\", \"operation_dict\": {\"operation_type\": \"CLICK\", \"operation_intent\": \"click on 'While using the app' button\"}, \"params\": {}, \"secrets\": {}, \"variable\": {}}", "_original_index": 0, "global_operation_index": 0}, "1": {"operation_intent": "close the app", "operation_type": "CLOSE_APP", "value": "{\"packageName\": \"\", \"packageActivity\": \"\"}", "instruction_id": "5976be78a60740c180b754edfcda6a62", "operation_id": "1b3453d0795248de", "optional_flag": false, "max_retries": 0, "retries_delay": 0, "explicit_wait": 0, "implicit_wait": 0, "frame": "", "user_variables": "[]", "operation_start": "2025-06-13 11:23:00.182904", "operation_end": "2025-06-13 11:23:00.945782", "instruction_module_id": "", "instruction_module_name": "", "use_v2_mobile_tagging": false, "hard_assertion": false, "dialog_action": "", "dismiss_dialog": false, "is_coordinates_used_for_interaction": false, "element_coordinates_ratio": [], "kaneaiMobileTaggingImageLimit": 1, "clicks_order_code": "se_js_ac", "selector": "", "manual_interaction_tag": "", "sub_instruction_obj": "{\"operation\": \"close the app\", \"thought\": \"Closing the app can be done by the Operation Agent.\", \"agent\": \"Operation Agent\", \"operation_dict\": {\"operation_type\": \"CLOSE_APP\", \"operation_intent\": \"close the app\"}, \"params\": {}, \"secrets\": {}, \"variable\": {}}", "_original_index": 1, "global_operation_index": 1}}, "parameters": {}, "variables": {}}